[{"_id":"64c6570b418b1296abcedc86","id":100000000,"is_admin":1,"password":"123456","username":"admin","tokens":[{"token":"kRkg791LenXkku7A5tqZIVlXLGRVh1","expire":1691645951},{"token":"kPa8XWHfXtNK6aL4XlwVHs0yUKYFo8","expire":1691648426},{"token":"DDy25BcVqQNF2wacf4hYfHrkF37XAk","expire":1691680285},{"token":"nrqRduLhIIHUSylyLf9idNIzFA0Qd0","expire":1691680422},{"token":"8V35o4gLmiXsTvs4G24tbomY9uryFu","expire":1691769788},{"token":"3bXnnjEeIJl3s3KMKcE10pWPtVt0Cb","expire":1691782171},{"token":"Isn1Y7oyxCg5KgzTpBxAW79YV1fxBS","expire":1691792386},{"token":"2MfzhYZoeb4b2jINOMFbNhnW77sOBN","expire":1691848830},{"token":"tmA9O6ZuGGYAeXuwoIDsWk0CNq6GzO","expire":1691861166},{"token":"spFuAiO5NczsY7C5Q6nUjmYLYqIHHm","expire":1691871222},{"token":"lUzBOu6vfCycI5DFT0Xn6wA5C4MnWx","expire":1691986272},{"token":"AARwK4vzC6bnZb6KzzE94G2EKMDeqL","expire":1692012134},{"token":"dgfCLZa5ruBs1sSnCQvgSj2jLR6eWG","expire":1692035955},{"token":"H7chrMzv7RCQyDRHA3OGIzH7cSYaQS","expire":1692043455},{"token":"BQIZAEy2ij58MGg2awNne1jScddECe","expire":1692043548},{"token":"FcsGelLjnevFpvzyynhpTmuFmI4JG1","expire":1692159863},{"token":"Jf7toMdO6K4rwdAoPcguVLRAi3HBX1","expire":1692163991},{"token":"hzlPvPqrrJ1xaePIbbzDfdMxPSrRyI","expire":1692497696},{"token":"ZhsfcEfVo1L10LA0odkgHaQiVHfHB7","expire":1692498924},{"token":"G0dat1td6aEJOzsxohajxj4m2mzd0u","expire":1692499034},{"token":"3Omxf2XXD438h6KoWskBR0fj5TtDUn","expire":1692499146},{"token":"pqhLLFn0e9lI9B4f2YfUyDna3IKznA","expire":1692501394},{"token":"pgxAAw6nbGShaJSOvFt4tBqbKMvMvk","expire":1692506397}]},{"_id":"64d91ae49d512cac5991aebd","id":726297943,"is_admin":0,"disable":0,"name":"test_agent1","username":"test_agent1","password":"123456","volume":107374182400,"allocatable_data":84.66,"min_vol":10,"max_users":30,"max_days":30,"max_non_active_days":20,"prefix":"EW","country":"DE1","used_traffic":0,"active_users":1,"total_users":1,"business_mode":1,"tokens":[{"token":"o2NijDHMJDooOJK2kXGAmTMyI4UlAm","expire":1692036210},{"token":"m36lP4mkSh1lhpnwh0BMEqT5RnWoJh","expire":1692043461},{"token":"uM4AGJnu9qjNTBC3rWlyakTyC9JVz4","expire":1692043908},{"token":"obSBdZhAfDcZxU7jpaLDpZACk0Hkov","expire":1692163935}]},{"_id":"64db062c0067df107fcc3e17","id":981439459,"is_admin":0,"disable":0,"name":"test_agent3","username":"test_agent3","password":"123456","volume":1431297851392,"allocatable_data":1333,"min_vol":23,"max_users":232,"max_days":3,"max_non_active_days":23,"prefix":"23","country":"DE1","used_traffic":0,"active_users":0,"total_users":0,"business_mode":0,"tokens":[]}]