[{"_id":"64d85b45a03a421b39344be9","id":702601675,"account_id":100000000,"action":"CREATE_PANEL","msg":"admin created panel !test_panel","time":1691900741},{"_id":"64d8983ff112750312ca0c34","id":826081263,"account_id":100000000,"action":"CREATE_AGENT","msg":"admin created agent !test_agent with !100 GB data","time":1691916351},{"_id":"64d898b4f112750312ca0c35","id":275456852,"account_id":906463493,"action":"LOGIN","msg":"test_agent logged in","time":1691916468},{"_id":"64d8992e191024d01a1e9cdd","id":512730496,"account_id":906463493,"action":"CREATE_USER","msg":"test_agent created user !test_5600 with !10 GB data and !20 days of expire time","time":1691916590},{"_id":"64d8bce6191024d01a1e9cde","id":548444628,"account_id":100000000,"action":"LOGIN","msg":"admin logged in","time":1691925734},{"_id":"64d8bd0d191024d01a1e9ce0","id":631408016,"account_id":100000000,"action":"CREATE_PANEL","msg":"admin created panel !test_panel2","time":1691925773},{"_id":"64d919f3a4f16696d7f71b75","id":210482479,"account_id":100000000,"action":"LOGIN","msg":"admin logged in","time":1691949555},{"_id":"64d91a29a4f16696d7f71b76","id":982262980,"account_id":100000000,"action":"EDIT_PANEL","msg":"admin edited panel !test_panel2","time":1691949609},{"_id":"64d91a38a4f16696d7f71b77","id":925141483,"account_id":100000000,"action":"EDIT_AGENT","msg":"admin edited agent test_agent ","time":1691949624},{"_id":"64d91a54a4f16696d7f71b78","id":134755967,"account_id":100000000,"action":"EDIT_SELF","msg":"admin was self edited","time":1691949652},{"_id":"64d91aa99d512cac5991aebc","id":818703021,"account_id":100000000,"action":"DELETE_AGENT","msg":"admin deleted agent !test_agent","time":1691949737},{"_id":"64d91ae59d512cac5991aebe","id":746872831,"account_id":100000000,"action":"CREATE_AGENT","msg":"admin created agent !test_agent1 with !100 GB data","time":1691949797},{"_id":"64d91ae89d512cac5991aebf","id":335594004,"account_id":100000000,"action":"EDIT_AGENT","msg":"admin edited agent test_agent1 ","time":1691949800},{"_id":"64d91af29d512cac5991aec0","id":989130335,"account_id":726297943,"action":"LOGIN","msg":"test_agent1 logged in","time":1691949810},{"_id":"64d91b089d512cac5991aec2","id":105678045,"account_id":726297943,"action":"CREATE_USER","msg":"test_agent1 created user !test_4324 with !20 GB data and !30 days of expire time","time":1691949832},{"_id":"64d91b189d512cac5991aec3","id":271283827,"account_id":726297943,"action":"DELETE_USER","msg":"test_agent1 deleted user !EW_test_4324","time":1691949848},{"_id":"64d91b339d512cac5991aec5","id":278318163,"account_id":726297943,"action":"CREATE_USER","msg":"test_agent1 created user !test_5092 with !10 GB data and !30 days of expire time","time":1691949875},{"_id":"64d9373f4913cabd8d8faa43","id":759296815,"account_id":100000000,"action":"LOGIN","msg":"admin logged in","time":1691957055},{"_id":"64d937454913cabd8d8faa44","id":887701198,"account_id":726297943,"action":"LOGIN","msg":"test_agent1 logged in","time":1691957061},{"_id":"64d9379c0d5650e6e353647b","id":449996957,"account_id":100000000,"action":"LOGIN","msg":"admin logged in","time":1691957148},{"_id":"64d937ac0d5650e6e353647c","id":942245060,"account_id":100000000,"action":"EDIT_SELF","msg":"admin was self edited","time":1691957164},{"_id":"64d93831672676b07fddb5a2","id":751402142,"account_id":100000000,"action":"EDIT_PANEL","msg":"admin edited panel !test_panel","time":1691957297},{"_id":"64d9384b672676b07fddb5a3","id":516306741,"account_id":100000000,"action":"EDIT_AGENT","msg":"admin edited agent test_agent1 ","time":1691957323},{"_id":"64d9385a672676b07fddb5a4","id":770663344,"account_id":100000000,"action":"EDIT_AGENT","msg":"admin edited agent test_agent1 ","time":1691957338},{"_id":"64d93861672676b07fddb5a5","id":928862789,"account_id":100000000,"action":"EDIT_AGENT","msg":"admin edited agent test_agent1 ","time":1691957345},{"_id":"64d938f99050459a273cdfff","id":443736817,"account_id":100000000,"action":"DELETE_PANEL","msg":"admin deleted panel !test_panel2","time":1691957497},{"_id":"64d939049050459a273ce000","id":709513502,"account_id":726297943,"action":"LOGIN","msg":"test_agent1 logged in","time":1691957508},{"_id":"64d93920a6ca5924b57c7682","id":992870775,"account_id":726297943,"action":"EDIT_USER","msg":"test_agent1 edited user !EW_test_5092 with !10.00 GB data and !30 days of expire time","time":1691957536},{"_id":"64d939d6b13a63537a1fd534","id":415489579,"account_id":726297943,"action":"DELETE_USER","msg":"test_agent1 deleted user !EW_test_5092","time":1691957718},{"_id":"64d939eab13a63537a1fd536","id":863771954,"account_id":726297943,"action":"CREATE_USER","msg":"test_agent1 created user !test_2828 with !10 GB data and !20 days of expire time","time":1691957738},{"_id":"64d93a65b13a63537a1fd537","id":383912964,"account_id":726297943,"action":"DELETE_USER","msg":"test_agent1 deleted user !EW_test_2828","time":1691957861},{"_id":"64d93a8ab13a63537a1fd539","id":368928267,"account_id":726297943,"action":"CREATE_USER","msg":"test_agent1 created user !test_user3232 with !10 GB data and !30 days of expire time","time":1691957898},{"_id":"64d93ac7b13a63537a1fd53a","id":467694501,"account_id":726297943,"action":"DELETE_USER","msg":"test_agent1 deleted user !EW_test_user3232","time":1691957959},{"_id":"64d93d4ac7fcf9570d26b1df","id":444401434,"account_id":726297943,"action":"CREATE_USER","msg":"test_agent1 created user !test5000_33 with !10 GB data and !30 days of expire time","time":1691958602},{"_id":"64d93d6bc7fcf9570d26b1e1","id":819648009,"account_id":726297943,"action":"CREATE_USER","msg":"test_agent1 created user !test42_39 with !10 GB data and !30 days of expire time","time":1691958635},{"_id":"64d93d7f88bc8a77361aeaa7","id":387410287,"account_id":726297943,"action":"RESET_USER","msg":"test_agent1 reseted user !EW_test42_39","time":1691958655},{"_id":"64d93d8e88bc8a77361aeaa8","id":249818902,"account_id":726297943,"action":"EDIT_USER","msg":"test_agent1 edited user !EW_test42_39 with !10.00 GB data and !30 days of expire time","time":1691958670},{"_id":"64d93d9c3ebbd0106765532b","id":184203109,"account_id":726297943,"action":"DELETE_USER","msg":"test_agent1 deleted user !EW_test42_39","time":1691958684},{"_id":"64dafdf7280783f1a0c5e850","id":223601544,"account_id":100000000,"action":"LOGIN","msg":"admin logged in","time":1692073463},{"_id":"64db062c0067df107fcc3e18","id":719729599,"account_id":100000000,"action":"CREATE_AGENT","msg":"admin created agent !test_agent3 with !1333 GB data","time":1692075564},{"_id":"64db08b60067df107fcc3e19","id":867755247,"account_id":100000000,"action":"EDIT_AGENT","msg":"admin edited agent test_agent1 ","time":1692076214},{"_id":"64db08b90067df107fcc3e1a","id":507377134,"account_id":100000000,"action":"EDIT_AGENT","msg":"admin edited agent test_agent3 ","time":1692076217},{"_id":"64db08c80067df107fcc3e1b","id":538693720,"account_id":100000000,"action":"EDIT_AGENT","msg":"admin edited agent test_agent1 ","time":1692076232},{"_id":"64db096d0067df107fcc3e1c","id":866099709,"account_id":100000000,"action":"EDIT_AGENT","msg":"admin edited agent test_agent3 ","time":1692076397},{"_id":"64db09710067df107fcc3e1d","id":983810011,"account_id":100000000,"action":"EDIT_AGENT","msg":"admin edited agent test_agent3 ","time":1692076401},{"_id":"64db097a0067df107fcc3e1e","id":761412853,"account_id":100000000,"action":"EDIT_AGENT","msg":"admin edited agent test_agent1 ","time":1692076410},{"_id":"64db097e0067df107fcc3e1f","id":634232072,"account_id":100000000,"action":"EDIT_AGENT","msg":"admin edited agent test_agent1 ","time":1692076414},{"_id":"64db0ddf2e9ca5e7d6c1e41c","id":246055860,"account_id":726297943,"action":"LOGIN","msg":"test_agent1 logged in","time":1692077535},{"_id":"64db0e172e9ca5e7d6c1e41d","id":354555775,"account_id":100000000,"action":"LOGIN","msg":"admin logged in","time":1692077591},{"_id":"64e025a08d62561ff2831a98","id":219737119,"account_id":100000000,"action":"LOGIN","msg":"admin logged in","time":1692411296},{"_id":"64e02a6c8d62561ff2831a99","id":258886108,"account_id":100000000,"action":"LOGIN","msg":"admin logged in","time":1692412524},{"_id":"64e02ada8d62561ff2831a9a","id":472457813,"account_id":100000000,"action":"LOGIN","msg":"admin logged in","time":1692412634},{"_id":"64e02b4a8d62561ff2831a9b","id":511066502,"account_id":100000000,"action":"LOGIN","msg":"admin logged in","time":1692412746},{"_id":"64e03412331ad446b7b3bd2a","id":626185808,"account_id":100000000,"action":"LOGIN","msg":"admin logged in","time":1692414994},{"_id":"64e0479d22111547c1f3b90f","id":491074683,"account_id":100000000,"action":"LOGIN","msg":"admin logged in","time":1692419997}]