[{"_id":"64d85b45a03a421b39344be9","id":702601675,"account_id":100000000,"action":"CREATE_PANEL","msg":"admin created panel !test_panel","time":1691900741},{"_id":"64d8983ff112750312ca0c34","id":826081263,"account_id":100000000,"action":"CREATE_AGENT","msg":"admin created agent !test_agent with !100 GB data","time":1691916351},{"_id":"64d898b4f112750312ca0c35","id":275456852,"account_id":906463493,"action":"LOGIN","msg":"test_agent logged in","time":1691916468},{"_id":"64d8992e191024d01a1e9cdd","id":512730496,"account_id":906463493,"action":"CREATE_USER","msg":"test_agent created user !test_5600 with !10 GB data and !20 days of expire time","time":1691916590},{"_id":"64d8bce6191024d01a1e9cde","id":548444628,"account_id":100000000,"action":"LOGIN","msg":"admin logged in","time":1691925734},{"_id":"64d8bd0d191024d01a1e9ce0","id":631408016,"account_id":100000000,"action":"CREATE_PANEL","msg":"admin created panel !test_panel2","time":1691925773},{"_id":"64d919f3a4f16696d7f71b75","id":210482479,"account_id":100000000,"action":"LOGIN","msg":"admin logged in","time":1691949555},{"_id":"64d91a29a4f16696d7f71b76","id":982262980,"account_id":100000000,"action":"EDIT_PANEL","msg":"admin edited panel !test_panel2","time":1691949609},{"_id":"64d91a38a4f16696d7f71b77","id":925141483,"account_id":100000000,"action":"EDIT_AGENT","msg":"admin edited agent test_agent ","time":1691949624},{"_id":"64d91a54a4f16696d7f71b78","id":134755967,"account_id":100000000,"action":"EDIT_SELF","msg":"admin was self edited","time":1691949652},{"_id":"64d91aa99d512cac5991aebc","id":818703021,"account_id":100000000,"action":"DELETE_AGENT","msg":"admin deleted agent !test_agent","time":1691949737},{"_id":"64d91ae59d512cac5991aebe","id":746872831,"account_id":100000000,"action":"CREATE_AGENT","msg":"admin created agent !test_agent1 with !100 GB data","time":1691949797},{"_id":"64d91ae89d512cac5991aebf","id":335594004,"account_id":100000000,"action":"EDIT_AGENT","msg":"admin edited agent test_agent1 ","time":1691949800},{"_id":"64d91af29d512cac5991aec0","id":989130335,"account_id":726297943,"action":"LOGIN","msg":"test_agent1 logged in","time":1691949810},{"_id":"64d91b089d512cac5991aec2","id":105678045,"account_id":726297943,"action":"CREATE_USER","msg":"test_agent1 created user !test_4324 with !20 GB data and !30 days of expire time","time":1691949832},{"_id":"64d91b189d512cac5991aec3","id":271283827,"account_id":726297943,"action":"DELETE_USER","msg":"test_agent1 deleted user !EW_test_4324","time":1691949848},{"_id":"64d91b339d512cac5991aec5","id":278318163,"account_id":726297943,"action":"CREATE_USER","msg":"test_agent1 created user !test_5092 with !10 GB data and !30 days of expire time","time":1691949875},{"_id":"64d9373f4913cabd8d8faa43","id":759296815,"account_id":100000000,"action":"LOGIN","msg":"admin logged in","time":1691957055},{"_id":"64d937454913cabd8d8faa44","id":887701198,"account_id":726297943,"action":"LOGIN","msg":"test_agent1 logged in","time":1691957061},{"_id":"64d9379c0d5650e6e353647b","id":449996957,"account_id":100000000,"action":"LOGIN","msg":"admin logged in","time":1691957148},{"_id":"64d937ac0d5650e6e353647c","id":942245060,"account_id":100000000,"action":"EDIT_SELF","msg":"admin was self edited","time":1691957164},{"_id":"64d93831672676b07fddb5a2","id":751402142,"account_id":100000000,"action":"EDIT_PANEL","msg":"admin edited panel !test_panel","time":1691957297},{"_id":"64d9384b672676b07fddb5a3","id":516306741,"account_id":100000000,"action":"EDIT_AGENT","msg":"admin edited agent test_agent1 ","time":1691957323},{"_id":"64d9385a672676b07fddb5a4","id":770663344,"account_id":100000000,"action":"EDIT_AGENT","msg":"admin edited agent test_agent1 ","time":1691957338},{"_id":"64d93861672676b07fddb5a5","id":928862789,"account_id":100000000,"action":"EDIT_AGENT","msg":"admin edited agent test_agent1 ","time":1691957345},{"_id":"64d938f99050459a273cdfff","id":443736817,"account_id":100000000,"action":"DELETE_PANEL","msg":"admin deleted panel !test_panel2","time":1691957497},{"_id":"64d939049050459a273ce000","id":709513502,"account_id":726297943,"action":"LOGIN","msg":"test_agent1 logged in","time":1691957508},{"_id":"64d93920a6ca5924b57c7682","id":992870775,"account_id":726297943,"action":"EDIT_USER","msg":"test_agent1 edited user !EW_test_5092 with !10.00 GB data and !30 days of expire time","time":1691957536},{"_id":"64d939d6b13a63537a1fd534","id":415489579,"account_id":726297943,"action":"DELETE_USER","msg":"test_agent1 deleted user !EW_test_5092","time":1691957718},{"_id":"64d939eab13a63537a1fd536","id":863771954,"account_id":726297943,"action":"CREATE_USER","msg":"test_agent1 created user !test_2828 with !10 GB data and !20 days of expire time","time":1691957738},{"_id":"64d93a65b13a63537a1fd537","id":383912964,"account_id":726297943,"action":"DELETE_USER","msg":"test_agent1 deleted user !EW_test_2828","time":1691957861},{"_id":"64d93a8ab13a63537a1fd539","id":368928267,"account_id":726297943,"action":"CREATE_USER","msg":"test_agent1 created user !test_user3232 with !10 GB data and !30 days of expire time","time":1691957898},{"_id":"64d93ac7b13a63537a1fd53a","id":467694501,"account_id":726297943,"action":"DELETE_USER","msg":"test_agent1 deleted user !EW_test_user3232","time":1691957959},{"_id":"64d93d4ac7fcf9570d26b1df","id":444401434,"account_id":726297943,"action":"CREATE_USER","msg":"test_agent1 created user !test5000_33 with !10 GB data and !30 days of expire time","time":1691958602},{"_id":"64d93d6bc7fcf9570d26b1e1","id":819648009,"account_id":726297943,"action":"CREATE_USER","msg":"test_agent1 created user !test42_39 with !10 GB data and !30 days of expire time","time":1691958635},{"_id":"64d93d7f88bc8a77361aeaa7","id":387410287,"account_id":726297943,"action":"RESET_USER","msg":"test_agent1 reseted user !EW_test42_39","time":1691958655},{"_id":"64d93d8e88bc8a77361aeaa8","id":249818902,"account_id":726297943,"action":"EDIT_USER","msg":"test_agent1 edited user !EW_test42_39 with !10.00 GB data and !30 days of expire time","time":1691958670},{"_id":"64d93d9c3ebbd0106765532b","id":184203109,"account_id":726297943,"action":"DELETE_USER","msg":"test_agent1 deleted user !EW_test42_39","time":1691958684},{"_id":"64dafdf7280783f1a0c5e850","id":223601544,"account_id":100000000,"action":"LOGIN","msg":"admin logged in","time":1692073463},{"_id":"64db062c0067df107fcc3e18","id":719729599,"account_id":100000000,"action":"CREATE_AGENT","msg":"admin created agent !test_agent3 with !1333 GB data","time":1692075564},{"_id":"64db08b60067df107fcc3e19","id":867755247,"account_id":100000000,"action":"EDIT_AGENT","msg":"admin edited agent test_agent1 ","time":1692076214},{"_id":"64db08b90067df107fcc3e1a","id":507377134,"account_id":100000000,"action":"EDIT_AGENT","msg":"admin edited agent test_agent3 ","time":1692076217},{"_id":"64db08c80067df107fcc3e1b","id":538693720,"account_id":100000000,"action":"EDIT_AGENT","msg":"admin edited agent test_agent1 ","time":1692076232},{"_id":"64db096d0067df107fcc3e1c","id":866099709,"account_id":100000000,"action":"EDIT_AGENT","msg":"admin edited agent test_agent3 ","time":1692076397},{"_id":"64db09710067df107fcc3e1d","id":983810011,"account_id":100000000,"action":"EDIT_AGENT","msg":"admin edited agent test_agent3 ","time":1692076401},{"_id":"64db097a0067df107fcc3e1e","id":761412853,"account_id":100000000,"action":"EDIT_AGENT","msg":"admin edited agent test_agent1 ","time":1692076410},{"_id":"64db097e0067df107fcc3e1f","id":634232072,"account_id":100000000,"action":"EDIT_AGENT","msg":"admin edited agent test_agent1 ","time":1692076414},{"_id":"64db0ddf2e9ca5e7d6c1e41c","id":246055860,"account_id":726297943,"action":"LOGIN","msg":"test_agent1 logged in","time":1692077535},{"_id":"64db0e172e9ca5e7d6c1e41d","id":354555775,"account_id":100000000,"action":"LOGIN","msg":"admin logged in","time":1692077591},{"_id":"64e025a08d62561ff2831a98","id":219737119,"account_id":100000000,"action":"LOGIN","msg":"admin logged in","time":1692411296},{"_id":"64e02a6c8d62561ff2831a99","id":258886108,"account_id":100000000,"action":"LOGIN","msg":"admin logged in","time":1692412524},{"_id":"64e02ada8d62561ff2831a9a","id":472457813,"account_id":100000000,"action":"LOGIN","msg":"admin logged in","time":1692412634},{"_id":"64e02b4a8d62561ff2831a9b","id":511066502,"account_id":100000000,"action":"LOGIN","msg":"admin logged in","time":1692412746},{"_id":"64e03412331ad446b7b3bd2a","id":626185808,"account_id":100000000,"action":"LOGIN","msg":"admin logged in","time":1692414994},{"_id":"64e0479d22111547c1f3b90f","id":491074683,"account_id":100000000,"action":"LOGIN","msg":"admin logged in","time":1692419997},{"_id":"64e061edcadc02345364a717","id":908011746,"account_id":726297943,"action":"LOGIN","msg":"test_agent1 logged in","time":1692426733},{"_id":"64e08c7016b5ed2646163f2f","id":718374415,"account_id":726297943,"action":"DISABLE_USER","msg":"test_agent1 disabled user !EW_test5000_33","time":1692437616},{"_id":"64e08cb916b5ed2646163f30","id":533503421,"account_id":100000000,"action":"LOGIN","msg":"admin logged in","time":1692437689},{"_id":"64e08cc616b5ed2646163f31","id":922066289,"account_id":726297943,"action":"LOGIN","msg":"test_agent1 logged in","time":1692437702},{"_id":"64e08ccc16b5ed2646163f32","id":567428901,"account_id":726297943,"action":"ENABLE_USER","msg":"test_agent1 enabled user !EW_test5000_33","time":1692437708},{"_id":"64e08d6416b5ed2646163f33","id":455300425,"account_id":726297943,"action":"ENABLE_USER","msg":"test_agent1 enabled user !EW_test5000_33","time":1692437860},{"_id":"64e08e5b16b5ed2646163f34","id":146325604,"account_id":726297943,"action":"DISABLE_USER","msg":"test_agent1 disabled user !EW_test5000_33","time":1692438107},{"_id":"64e08eea16b5ed2646163f35","id":201679695,"account_id":726297943,"action":"ENABLE_USER","msg":"test_agent1 enabled user !EW_test5000_33","time":1692438250},{"_id":"64e0900416b5ed2646163f36","id":368688396,"account_id":726297943,"action":"ENABLE_USER","msg":"test_agent1 enabled user !EW_test5000_33","time":1692438532},{"_id":"64e0de07f92150e6e6742b74","id":861989337,"account_id":100000000,"action":"LOGIN","msg":"admin logged in","time":1692458503},{"_id":"64e0de77f92150e6e6742b75","id":236561219,"account_id":726297943,"action":"LOGIN","msg":"test_agent1 logged in","time":1692458615},{"_id":"64e0de8af92150e6e6742b76","id":750797140,"account_id":726297943,"action":"EDIT_USER","msg":"test_agent1 edited user !EW_test5000_33 with !10.00 GB data and !6 days of expire time","time":1692458634},{"_id":"64e0e043f92150e6e6742b77","id":264325042,"account_id":100000000,"action":"DISABLE_PANEL","msg":"admin disabled panel !test_panel","time":1692459075},{"_id":"64e0e074f92150e6e6742b78","id":755465402,"account_id":100000000,"action":"DISABLE_PANEL","msg":"admin disabled panel !test_panel","time":1692459124},{"_id":"64e0e075f92150e6e6742b79","id":558719227,"account_id":100000000,"action":"ENABLE_PANEL","msg":"admin enabled panel !test_panel","time":1692459125},{"_id":"64e0e162643598569a840a4b","id":463787167,"account_id":100000000,"action":"DISABLE_PANEL","msg":"admin disabled panel !test_panel","time":1692459362},{"_id":"64e0e162643598569a840a4c","id":388998439,"account_id":100000000,"action":"DISABLE_PANEL","msg":"admin disabled panel !test_panel","time":1692459362},{"_id":"64e0e164643598569a840a4d","id":318791549,"account_id":100000000,"action":"ENABLE_PANEL","msg":"admin enabled panel !test_panel","time":1692459364},{"_id":"64e0e165643598569a840a4e","id":987809313,"account_id":100000000,"action":"ENABLE_PANEL","msg":"admin enabled panel !test_panel","time":1692459365},{"_id":"64e0e1f5643598569a840a4f","id":975858749,"account_id":100000000,"action":"DISABLE_PANEL","msg":"admin disabled panel !test_panel","time":1692459509},{"_id":"64e0e1f6643598569a840a50","id":243729300,"account_id":100000000,"action":"ENABLE_PANEL","msg":"admin enabled panel !test_panel","time":1692459510},{"_id":"64e0e21f643598569a840a51","id":441046919,"account_id":100000000,"action":"DISABLE_PANEL","msg":"admin disabled panel !test_panel","time":1692459551},{"_id":"64e0e21f643598569a840a52","id":644176202,"account_id":100000000,"action":"DISABLE_PANEL","msg":"admin disabled panel !test_panel","time":1692459551},{"_id":"64e0e231643598569a840a53","id":319216274,"account_id":100000000,"action":"ENABLE_PANEL","msg":"admin enabled panel !test_panel","time":1692459569},{"_id":"64e0e241643598569a840a54","id":983605734,"account_id":100000000,"action":"DISABLE_PANEL","msg":"admin disabled panel !test_panel","time":1692459585},{"_id":"64e0e241643598569a840a55","id":897802703,"account_id":100000000,"action":"DISABLE_PANEL","msg":"admin disabled panel !test_panel","time":1692459585},{"_id":"64e0e242643598569a840a56","id":557573336,"account_id":100000000,"action":"ENABLE_PANEL","msg":"admin enabled panel !test_panel","time":1692459586},{"_id":"64e0e243643598569a840a57","id":566240120,"account_id":100000000,"action":"ENABLE_PANEL","msg":"admin enabled panel !test_panel","time":1692459587},{"_id":"64e0e250643598569a840a58","id":524288611,"account_id":100000000,"action":"DISABLE_PANEL","msg":"admin disabled panel !test_panel","time":1692459600},{"_id":"64e0e25a643598569a840a59","id":915938290,"account_id":100000000,"action":"ENABLE_PANEL","msg":"admin enabled panel !test_panel","time":1692459610},{"_id":"64e0e2897d4a0d411024d7ab","id":890155954,"account_id":100000000,"action":"DISABLE_PANEL","msg":"admin disabled panel !test_panel","time":1692459657},{"_id":"64e0e28d7d4a0d411024d7ac","id":282514664,"account_id":100000000,"action":"ENABLE_PANEL","msg":"admin enabled panel !test_panel","time":1692459661},{"_id":"64e0e28f7d4a0d411024d7ad","id":599804905,"account_id":100000000,"action":"DISABLE_PANEL","msg":"admin disabled panel !test_panel","time":1692459663},{"_id":"64e1b3836fee7d5a961ea852","id":640732977,"account_id":100000000,"action":"LOGIN","msg":"admin logged in","time":1692513155},{"_id":"64e1be1490304a7c7e882a80","id":594737656,"account_id":100000000,"action":"LOGIN","msg":"admin logged in","time":1692515860},{"_id":"64e30074811c74be37b6aeee","id":141400814,"account_id":100000000,"action":"LOGIN","msg":"admin logged in","time":1692598388},{"_id":"64e301bd811c74be37b6aeef","id":856724141,"account_id":100000000,"action":"DELETE_PANEL","msg":"admin deleted panel !test_panel","time":1692598717},{"_id":"64e301cb811c74be37b6aef1","id":596819047,"account_id":100000000,"action":"CREATE_PANEL","msg":"admin created panel !test_panel","time":1692598731},{"_id":"64e313b0b6319a601fb1b102","id":736835576,"account_id":100000000,"action":"DELETE_AGENT","msg":"admin deleted agent !test_agent3","time":1692603312},{"_id":"64e313b8b6319a601fb1b103","id":621732853,"account_id":726297943,"action":"LOGIN","msg":"test_agent1 logged in","time":1692603320},{"_id":"64e3145fa31e383d0ec5d817","id":323569270,"account_id":100000000,"action":"LOGIN","msg":"admin logged in","time":1692603487},{"_id":"64e3146da31e383d0ec5d818","id":221096818,"account_id":726297943,"action":"RECEIVE_DATA","msg":"test_agent1 received !0 GB data","time":1692603501},{"_id":"64e3146da31e383d0ec5d819","id":870905363,"account_id":100000000,"action":"EDIT_AGENT","msg":"admin edited agent test_agent1 and added !0 GB data","time":1692603501},{"_id":"64e3146fa31e383d0ec5d81a","id":743899972,"account_id":726297943,"action":"LOGIN","msg":"test_agent1 logged in","time":1692603503},{"_id":"64e3147fa31e383d0ec5d81c","id":836732145,"account_id":726297943,"action":"CREATE_USER","msg":"test_agent1 created user !test8727 with !10 GB data and !30 days of expire time","time":1692603519},{"_id":"64e317afa31e383d0ec5d81d","id":587556552,"account_id":726297943,"action":"ENABLE_USER","msg":"test_agent1 enabled user !EW_test8727","time":1692604335},{"_id":"64e3284ca31e383d0ec5d81e","id":383626287,"account_id":100000000,"action":"LOGIN","msg":"admin logged in","time":1692608588}]