[{"_id":"64e301cb811c74be37b6aef0","id":542959376,"disable":0,"panel_name":"test_panel","panel_username":"admin","panel_password":"admin","panel_url":"http://209.38.245.93:8000","panel_country":"DE1","panel_user_max_count":100,"panel_traffic":200,"panel_data_usage":0,"active_users":3,"total_users":3,"panel_inbounds":{"vmess":[{"tag":"VMess TCP","protocol":"vmess","network":"tcp","tls":"none","port":8081},{"tag":"VMess Websocket","protocol":"vmess","network":"ws","tls":"none","port":8080}],"vless":[{"tag":"VLESS TCP REALITY","protocol":"vless","network":"tcp","tls":"reality","port":8443},{"tag":"VLESS GRPC REALITY","protocol":"vless","network":"grpc","tls":"reality","port":2053}],"trojan":[{"tag":"Trojan Websocket TLS","protocol":"trojan","network":"ws","tls":"tls","port":2083}],"shadowsocks":[{"tag":"Shadowsocks TCP","protocol":"shadowsocks","network":"tcp","tls":"none","port":1080}]}}]